1ALD,4
1APY,4
1AXI,4
1B4F,16
1BJ4,1
1BLX,2
1BX4,1
1CA9,5
1CG6,3
1CGH,1
1CM8,1
1CZA,1
1D01,3
1D1T,4
1D2S,2
1D2V,4
1D4A,2
1DGF,4
1DJL,2
1DSZ,4
1DTD,2
1E8Y,1
1EER,3
1EGD,4
1EHW,6
1EJF,1
1EXT,2
1F05,2
1F0Y,2
1F6W,1
1FB1,10
1FCY,1
1FH0,1
1FIT,2
1FLT,4
1FPZ,1
1FSU,1
1FUJ,4
1FW1,2
1FYH,2
1G3M,2
1G55,1
1GQ4,1
1H45,1
1H7S,1
1H9U,8
1HDO,1
1HDR,2
1HFC,1
1HLG,2
1HY7,1
1I0E,2
1I0Z,4
1I1N,1
1I3N,2
1I71,1
1I76,1
1I7K,1
1IAR,2
1IAT,2
1IKT,1
1ISI,2
1ITU,2
1IVH,4
1J8U,2
1J96,1
1JCN,4
1JDP,3
1JDW,2
1JK7,1
1JL0,2
1JLJ,3
1JTV,2
1JV1,2
1JY1,1
1K1F,4
1K3Y,2
1K4T,4
1K62,4
1K6M,2
1KGD,1
1KHB,1
1KMV,1
1KQN,6
1KWM,1
1L1F,6
1L9N,2
1L9X,1
1LB5,2
1LCY,1
1LE6,1
1LI4,4
1LKK,2
1LO6,1
1LPB,2
1LS6,1
1LV2,1
1M6D,2
1M9Z,1
1MFG,2
1MG4,1
1MIZ,2
1MJ4,1
1MJN,1
1MLW,1
1MQ0,4
1MRQ,1
1MX3,1
1MZA,1
1N26,2
1N3L,2
1N45,1
1N83,1
1NB9,1
1ND7,1
1NF7,4
1NM8,1
1NN5,2
1NNL,1
1NOW,2
1NRG,2
1NUU,4
1NZI,2
1O04,4
1O6L,2
1OBX,4
1ONI,3
1OQE,108
1OSH,1
1OVL,6
1P49,1
1P4O,1
1P5Z,2
1PBK,1
1PKX,2
1PL4,4
1PL8,4
1PRX,2
1PT6,1
1PV8,6
1Q0P,1
1Q20,1
1Q33,1
1Q7L,2
1QK1,8
1QMV,10
1QNT,1
1QO5,4
1QOI,1
1QR6,4
1QZU,3
1R03,24
1R1H,1
1R3S,2
1R42,5
1R6U,2
1R74,4
1R9O,1
1RJB,1
1RLW,1
1RLZ,4
1RM8,1
1RNF,1
1RPM,1
1RTF,2
1RX0,4
1S1D,1
1S1G,4
1S1P,1
1SAW,2
1SEN,1
1SG4,3
1SHA,2
1SIQ,4
1SO2,2
1SO7,1
1SPJ,1
1SQN,1
1T2A,4
1T2K,6
1T5I,1
1T8T,2
1T94,1
1TAZ,1
1TBF,1
1TDH,1
1TEV,1
1TG6,7
1TZS,6
1U3T,2
1U3U,2
1U3W,2
1U7B,6
1U8F,4
1UA2,1
1UCN,6
1UJ2,4
1UMK,1
1UNQ,1
1UOU,2
1US0,1
1UWY,1
1V04,1
1V7P,3
1V84,2
1W2F,1
1W4R,4
1W6K,1
1W6U,4
1WAK,1
1WB0,2
1WL4,4
1WLJ,1
1WMA,1
1WMH,2
1WOJ,1
1WSR,2
1WT6,3
1WUU,2
1X0V,2
1X23,1
1X8B,1
1X9D,1
1X9N,4
1XFB,4
1XG5,4
1XJD,1
1XMK,1
1XU9,4
1XVP,4
1XW3,1
1XW6,2
1Y02,1
1Y2K,1
1Y8O,4
1Y8X,2
1Y93,1
1YB1,2
1YB5,2
1YDE,4
1YGU,2
1YH2,1
1YRK,2
1YTV,4
1YXM,4
1Z4R,1
1Z57,1
1Z8D,2
1Z8G,2
1ZCM,1
1ZD1,1
1ZDN,1
1ZDT,2
1ZKL,1
1ZMD,2
1ZN8,2
1ZQ9,2
1ZRH,1
1ZS6,6
1ZS9,1
1ZSQ,1
1ZSX,4
1ZSY,2
1ZUA,1
1ZXM,2
2A1X,1
2A2A,2
2A2C,1
2A2N,1
2A2R,2
2A7L,1
2A98,1
2AEB,3
2AFW,1
2AHX,1
2AIJ,2
2AKZ,2
2ALR,1
2ANY,1
2AOT,1
2AR5,1
2AVD,2
2AW5,2
2AWF,1
2AX4,2
2AXN,1
2B25,1
2B5G,2
2B5I,4
2B69,2
2B9E,1
2BBW,1
2BCQ,4
2BFD,4
2BH9,2
2BKR,2
2BLE,4
2BO9,4
2BP1,2
2BQ8,1
2BRF,1
2BRQ,4
2BUJ,1
2BW0,1
2BWJ,2
2BZG,1
2BZZ,1
2C10,2
2C2N,1
2C3N,2
2C43,1
2C47,1
2C4J,2
2C5L,2
2C60,1
2C7S,1
2C95,1
2C9O,6
2C9Y,1
2CAR,2
2CB5,2
2CH5,2
2CIH,24
2CIK,3
2CJZ,1
2CM2,1
2CMW,1
2COI,2
2CVD,2
2CW6,2
2CY7,1
2D07,2
2D0J,2
2D9Q,4
2DDF,1
2DFD,2
2DHO,1
2DKO,6
2E0A,2
2E0L,1
2E1Q,2
2E2R,2
2ESK,1
2ESL,2
2EU9,1
2EVA,1
2F37,1
2F3Y,2
2F57,1
2F8A,4
2F9N,8
2FDV,1
2FH7,1
2FPZ,4
2FST,1
2FVL,1
2FVV,1
2FVZ,2
2FY2,1
2FY7,1
2FZP,1
2FZW,2
2G76,2
2G9N,1
2GCG,2
2GDZ,2
2GF2,2
2GFO,1
2GH0,4
2GHT,2
2GJX,2
2GK9,2
2GKW,6
2GL6,8
2GL8,4
2GYS,2
2GZ5,1
2H00,1
2H31,8
2H62,4
2H63,2
2H6D,1
2H6F,3
2H7C,6
2H8L,1
2HC1,1
2HDA,1
2HE3,4
2HE9,1
2HGS,2
2HHF,2
2HHJ,2
2HHL,1
2HI4,1
2HKF,3
2HQ6,1
2HRB,1
2HWW,1
2I0E,1
2I1M,1
2I3H,2
2I3Y,4
2I7A,2
2I7V,1
2I99,2
2IBN,1
2IBY,4
2IC1,1
2IDX,3
2IIP,1
2IJA,1
2IPX,1
2IUW,2
2IWZ,2
2IZR,1
2IZZ,10
2J51,2
2J67,2
2J6L,4
2J8Z,2
2JAM,2
2JBM,6
2JC6,2
2JC9,2
2JEO,4
2JIF,4
2JIS,2
2JJD,1
2JJK,4
2JKH,1
2JKU,1
2NLL,4
2NMX,1
2NNJ,1
2NPT,2
2NRU,1
2NSQ,1
2NT0,1
2NT2,1
2NWD,1
2NYU,1
2NZ2,4
2NZL,1
2NZT,2
2O23,4
2O28,2
2O2K,2
2O6L,2
2OAT,4
2OB0,1
2OBI,1
2OBV,2
2OCG,1
2OJW,10
2OK3,1
2OKK,2
2OKR,2
2OO0,2
2OOA,1
2OQ1,2
2OQ5,1
2OVC,4
2OXC,1
2OXE,1
2OYC,2
2OZL,4
2P02,2
2P26,1
2P31,1
2P3W,2
2P5X,1
2P6N,1
2P6X,1
2P8E,1
2P8U,2
2PD6,4
2PE4,1
2PEZ,2
2PFI,2
2PG5,1
2PID,2
2PIE,2
2PLA,2
2PNY,1
2PQ5,1
2PSN,2
2PZE,1
2Q32,2
2Q3E,6
2Q3Z,2
2Q4V,2
2Q5E,1
2Q80,6
2Q8G,2
2QFE,1
2QPW,1
2QQ2,6
2QQR,1
2QT1,1
2QTZ,1
2QXI,1
2QY0,4
2QYK,1
2QYM,2
2R0L,4
2R2N,2
2R2P,1
2R37,2
2R3A,1
2R3V,1
2R5T,1
2RA3,4
2REI,1
2REO,1
2RF0,1
2RIQ,2
2RK3,2
2RKB,2
2SRC,1
2UVL,1
2UZP,1
2V3S,2
2V40,2
2V4B,1
2V62,1
2VAY,2
2VCT,2
2VCV,2
2VH7,1
2VHF,1
2VIF,1
2VIG,4
2VJ0,3
2VO1,4
2VPI,1
2VQ3,2
2VR2,4
2VRE,6
2VSW,2
2VZ6,1
2W2I,1
2W4O,1
2W5A,1
2W73,2
2W7R,2
2W96,2
2WEF,1
2WFD,2
2WFJ,2
2WGH,2
2WGP,8
2WH0,3
2WM8,1
2WQM,1
2WSL,2
2WUH,4
2WWW,2
2WX3,3
2WZB,1
2X18,1
2X47,1
2X7G,1
2X7K,2
2XDG,1
2XFN,2
2XHI,3
2XIK,1
2XIQ,1
2XIR,1
2XRI,1
2XRW,2
2XSN,4
2XSQ,2
2XSW,1
2XSX,2
2XW9,1
2XWT,3
2XZO,2
2XZZ,24
2Y05,1
2Y1H,2
2Y43,2
2Y4I,2
2Y6D,4
2Y7J,4
2Y8O,2
2Y9Q,2
2YB6,1
2YBX,2
2YD6,2
2YEX,1
2YHO,2
2YHW,2
2YL2,1
2YMK,6
2YOB,2
2YOU,3
2YVQ,1
2YXT,2
2Z0B,1
2Z3Q,2
2Z5D,2
2Z5Y,1
2Z62,1
2Z80,1
2ZB4,1
2ZEJ,2
2ZGC,1
2ZPK,3
2ZT5,2
2ZW3,12
3A1F,1
3A1J,3
3A4O,1
3A7I,1
3A99,1
3AHQ,1
3ALN,1
3AP1,4
3ARA,3
3ASL,2
3AYU,2
3B0T,1
3B2T,2
3B6H,1
3B76,2
3BBB,6
3BD9,1
3BEA,1
3BER,1
3BFO,1
3BFX,1
3BG3,4
3BG8,1
3BGM,3
3BGV,1
3BHD,1
3BHH,1
3BHY,1
3BI1,2
3BJ5,1
3BL9,2
3BO5,1
3BOR,1
3BPT,1
3BQ7,6
3BRB,1
3BRT,2
3BRV,4
3BSU,5
3BU3,1
3BUV,1
3BUX,1
3BWY,1
3BXK,2
3BXL,2
3BYA,2
3C10,1
3C5K,1
3C6K,2
3C7X,1
3C9Q,2
3CBB,4
3CBJ,2
3CBL,2
3CBP,2
3CC6,1
3CCZ,4
3CKK,1
3CKL,1
3COG,4
3COK,1
3COS,2
3CRK,4
3CTB,1
3CU0,2
3CWW,4
3CXE,6
3CZF,3
3D3L,1
3D3W,2
3D59,1
3D6M,6
3D8C,4
3D9N,2
3D9S,4
3DDS,2
3DDT,2
3DDU,1
3DHP,1
3DK9,2
3DKM,1
3DKP,1
3DLJ,1
3DLM,1
3DLQ,2
3DLS,1
3DLX,2
3DRB,2
3DTC,1
3DWB,1
3DYD,2
3DYN,1
3E6I,1
3E77,2
3E7G,2
3E7O,1
3E9K,2
3EAY,1
3EAZ,1
3EBQ,1
3ECM,1
3ECR,1
3EDI,1
3EDY,1
3EGA,1
3EHU,2
3ELO,1
3EMH,1
3EP0,1
3EPZ,1
3EQC,1
3EQT,4
3ERY,2
3EUF,2
3EY6,1
3EZZ,24
3F5O,4
3F9M,1
3F9X,2
3FCI,1
3FCX,2
3FE4,1
3FED,2
3FHR,1
3FHT,2
3FLG,1
3FSO,1
3FVO,1
3FVY,1
3FW3,1
3G4E,2
3G5P,2
3GD8,4
3GEY,1
3GG3,1
3GH0,2
3GHM,1
3GJ9,2
3GL6,4
3GLK,1
3GLR,2
3GP0,1
3GP2,2
3GR4,4
3GRO,2
3GTU,2
3GYL,1
3GZD,2
3H3G,2
3H63,1
3H8K,2
3H8Q,1
3H9E,4
3HCN,2
3HFE,3
3HFW,1
3HG3,2
3HI7,2
3HL2,5
3HLK,1
3HN3,4
3HQC,1
3HRN,3
3HY2,4
3HYG,1
3I28,1
3I2B,3
3I2V,1
3I4A,1
3I4U,2
3I6C,1
3I8Z,1
3IAR,1
3ICH,1
3ICU,2
3IDV,1
3IEI,1
3IHJ,1
3IHX,1
3II0,1
3IK7,2
3IOH,2
3IOL,2
3IPQ,4
3IQU,4
3IR3,2
3ISQ,2
3ITU,1
3IU1,1
3IUY,1
3IXS,2
3JTC,2
3JUD,1
3JWQ,1
3JWR,2
3K1W,1
3K2I,1
3K5K,1
3K6P,1
3K9O,2
3KAN,3
3KF9,2
3KIJ,1
3KJD,1
3KQI,3
3KS3,1
3KS9,2
3KWZ,1
3L3X,2
3L43,2
3L4G,4
3L4H,1
3L4Y,1
3L5K,1
3L6B,2
3LB6,2
3LD6,2
3LF5,2
3LLK,1
3LM5,1
3LMK,2
3LPP,1
3LRQ,2
3LRR,4
3LU9,3
3LUC,1
3LV3,3
3LXL,1
3LXP,1
3LY5,1
3MAO,1
3MI9,3
3MK1,2
3MK6,2
3MNG,2
3MQ4,2
3MT5,1
3MTG,4
3MTL,1
3MTS,1
3MY0,1
3N5N,1
3N7S,2
3N8I,1
3NCL,1
3NFK,2
3NFL,2
3NR1,2
3NR9,2
3NXU,1
3NY1,1
3NY3,2
3NY5,2
3O36,2
3O4O,3
3O4R,4
3O65,2
3OD5,2
3ODU,2
3OFM,1
3OG6,2
3OHM,2
3OLJ,2
3OLL,2
3OOI,1
3ORH,1
3OSE,1
3OSN,3
3OTF,4
3OU5,1
3OVV,2
3OVX,1
3OY1,1
3P0F,2
3P0U,2
3P1A,1
3P1N,4
3P95,2
3PB6,1
3PBL,1
3PC7,2
3PCS,2
3PCV,3
3PDF,4
3PE6,1
3PFN,4
3PFY,1
3PLZ,2
3PM0,1
3POZ,1
3PPD,6
3PS4,2
3PUF,3
3Q18,2
3Q1I,2
3Q4U,2
3Q91,2
3QBT,2
3QE9,3
3QFA,4
3QFT,1
3QJ4,1
3QWP,1
3QX3,6
3QXM,1
3R3I,4
3RAU,2
3RCH,2
3RCQ,1
3RM2,3
3RN8,2
3RPP,2
3RZ3,1
3RZE,1
3RZV,1
3S4Y,4
3S57,3
3S79,1
3S8S,1
3S95,1
3S98,1
3S9D,2
3SAF,1
3SM9,2
3SMP,2
3SMQ,2
3SOC,1
3SWZ,1
3SXS,1
3SZA,2
3T0O,1
3T3P,4
3T7A,1
3T92,1
3TBG,1
3TDU,3
3THT,1
3TIW,2
3TJM,1
3TK9,1
3TKM,1
3TVJ,3
3U0V,1
3U10,4
3U2U,2
3U5N,2
3U5S,2
3U8I,1
3U9Q,2
3U9W,1
3UA7,2
3UGC,1
3UI4,1
3UKM,2
3UN9,6
3UON,1
3URF,6
3UV4,1
3UWP,1
3UYQ,1
3V2Y,1
3V31,2
3V3E,2
3V3L,1
3V4K,2
3V4Y,2
3V5W,3
3V6O,3
3V8D,2
3V8S,2
3V96,2
3V98,1
3VA4,3
3VBB,2
3VI8,1
3VJ9,1
3VLN,2
3VOY,4
3VP6,2
3VRP,2
3VUX,2
3W0T,2
3W6P,2
3WAR,1
3WF7,1
3WN4,2
3ZFX,1
3ZM1,1
3ZNN,2
3ZNV,1
3ZO5,2
3ZRH,1
3ZWF,2
3ZXH,4
4A1N,2
4A27,2
4A2O,4
4A35,2
4A3P,1
4A5S,2
4A69,2
4A6D,2
4A7U,2
4AAA,1
4ABL,1
4AD9,3
4AF3,2
4AG1,2
4AGU,1
4AH6,2
4AL0,3
4AOH,1
4AP5,2
4AS4,2
4AU8,1
4AW6,1
4AWN,1
4AY9,3
4B18,1
4B6L,1
4BC3,1
4BDX,1
4BGC,1
4BK0,2
4BKJ,1
4BKX,4
4BKY,1
4BN4,1
4BOP,8
4BOQ,2
4BOU,2
4BQM,4
4BQY,1
4BSJ,2
4BTB,2
4BV6,1
4BVX,2
4BW5,2
4BXF,4
4C2O,1
4C2X,1
4C45,4
4C5W,2
4C6F,2
4C8B,2
4CA1,2
4CCK,4
4CFG,2
4CKJ,2
4CLJ,1
4CML,3
4COF,5
4CQM,4
4CSK,4
4CT2,1
4CVH,2
4D0L,2
4D1N,4
4D1P,2
4D2H,4
4DAT,4
4DBG,2
4DD8,1
4DGJ,1
4DHX,3
4DIP,1
4DJC,2
4DJH,2
4DJN,2
4DLO,1
4DNL,1
4DO4,2
4DOH,3
4DPZ,1
4DRI,2
4DVQ,6
4DX1,1
4DYO,12
4E1O,2
4E45,5
4E5Y,2
4E9F,3
4EA3,2
4EAR,3
4EBB,1
4EFO,1
4EGC,2
4EIH,1
4EIY,1
4ENZ,1
4EQU,2
4ERC,1
4ERN,1
4ERV,1
4ERY,2
4ES0,2
4EW1,1
4EWI,1
4F0D,1
4F6U,2
4F7O,2
4F9C,2
4FBN,1
4FC7,4
4FCJ,2
4FDI,2
4FGL,2
4FHQ,1
4FKL,1
4FMW,1
4FO9,1
4FWW,1
4FYO,1
4FYT,4
4G3O,1
4G84,2
4GA0,1
4GAF,2
4GBA,2
4GDX,2
4GEH,2
4GIZ,2
4GNE,2
4GRN,3
4GRZ,1
4GT4,1
4GTU,2
4GWG,1
4GYW,2
4H1Q,1
4H27,1
4H2D,1
4H2G,2
4H3Q,2
4H7Y,1
4HCU,1
4HKC,2
4HN5,4
4HNI,1
4HPF,4
4HQA,1
4HTI,1
4HTP,2
4HVC,2
4HVY,1
4HWB,3
4HWK,2
4HWT,2
4HX1,3
4HZE,3
4HZR,1
4I1F,1
4I4E,1
4I5L,4
4I8V,1
4I91,1
4I9X,4
4IAR,1
4IB4,1
4IDO,2
4IDT,2
4IG8,3
4IGK,2
4IJD,1
4IKC,1
4IKP,2
4IM6,1
4IP7,4
4IRP,1
4ITJ,1
4J15,2
4J44,2
4J5R,1
4J8M,1
4J9C,2
4JA8,2
4JJ7,2
4JKJ,1
4JKQ,1
4JKV,2
4JMK,1
4JNI,1
4JNK,4
4JPS,2
4JPZ,3
4JQI,2
4JR2,4
4JS1,1
4JYI,4
4JZE,2
4JZJ,6
4K30,2
4K33,1
4K8Y,2
4KBL,1
4KBQ,2
4KGQ,12
4KI9,1
4KLI,4
4KNN,1
4KNV,1
4KP5,2
4KP6,1
4KTY,1
4KXD,1
4KXQ,2
4KXW,2
4L00,1
4L6Q,2
4L7G,1
4L7N,1
4LAY,1
4LEC,1
4LG1,2
4LG8,1
4LIK,1
4LOG,2
4LU3,1
4LVF,2
4LXL,2
4LY1,1
4M0E,2
4M6R,4
4MEL,1
4MHX,2
4MI0,1
4MIK,2
4MJ2,1
4MOB,3
4MOV,1
4MQ1,1
4MQV,2
4MTL,4
4MUM,2
4MVT,1
4MXU,2
4N6H,1
4N6O,2
4N73,1
4NAW,4
4NEF,4
4NFN,1
4NGD,3
4NHO,1
4NHX,1
4NMX,3
4NRE,1
4NSP,1
4NUA,2
4NUX,1
4NW6,1
4NYX,1
4NZD,1
4O0C,2
4O38,2
4O64,1
4O7X,1
4O8H,1
4OD9,4
4OE5,2
4OFC,6
4OGN,1
4OHA,2
4OMC,2
4OMT,2
4OQV,1
4OTH,1
4OTW,1
4OZ3,1
4P0C,1
4P0P,5
4P10,1
4P5E,2
4PAS,2
4PF3,1
4PF4,1
4PHU,1
4PJ6,2
4PLA,1
4PMP,1
4PNL,1
4POC,2
4PW8,4
4PWN,1
4PWY,2
4PXZ,1
4Q2T,1
4Q5E,3
4Q6R,2
4QA5,2
4QCL,3
4QGK,2
4QHE,1
4QKD,1
4QN1,1
4QPL,2
4QQT,1
4QTA,1
4QTB,1
4QTC,1
4R30,1
4R3O,28
4R3Z,3
4RA0,4
4RAK,2
4RAO,4
4RED,4
4RFQ,2
4RFZ,1
4RG1,2
4ROH,12
4RRV,2
4RXX,1
4S0V,1
4TPT,2
4TTB,2
4TWK,2
4U04,2
4U19,3
4U5W,4
4U6R,1
4UAL,2
4UEG,4
4UM9,2
4UMX,2
4UUU,2
4UUZ,3
4UWH,1
4UXU,2
4UZ1,1
4V06,1
4V24,1
4WH9,1
4WJ9,4
4WK0,3
4WLB,2
4WLH,2
4WUN,1
4X4W,2
4X7Q,1
4X9Y,1
4XAJ,3
4XAQ,2
4XP7,1
4XVK,1
5AFP,2
5AIL,1
5AJO,2
5HPG,2
